prompt_id,parent_prompt_id,lineage_group_id,lineage_type,generation_method,source_snapshot,source_row_sha256
RT001,,RT001,independent_redteam_item,researcher_authored_balanced_attack_matrix,final_redteam_prompts_v3.csv,51b9a2a638afa70d077b9385cb9badfd0d3cd52840c1f4eb5df641784aed93b6
RT002,,RT002,independent_redteam_item,researcher_authored_balanced_attack_matrix,final_redteam_prompts_v3.csv,2799ab34c86bf4c51b594f9360f7c2d9b08d7e83634e72c1ed809da51d293f80
RT003,,RT003,independent_redteam_item,researcher_authored_balanced_attack_matrix,final_redteam_prompts_v3.csv,984f52424378389cc0a77d6fa1cf0448a54fed4d8f04f5da8cdb397f717f7aad
RT004,,RT004,independent_redteam_item,researcher_authored_balanced_attack_matrix,final_redteam_prompts_v3.csv,7aff1b344dc53ac6a9322ec65f0db312933acf94dbc4eee5bac27068d1950eaa
RT005,,RT005,independent_redteam_item,researcher_authored_balanced_attack_matrix,final_redteam_prompts_v3.csv,bb1552c459cc1d039486931911d33b72677142104c5dec65843b97df26ee23d3
RT006,,RT006,independent_redteam_item,researcher_authored_balanced_attack_matrix,final_redteam_prompts_v3.csv,8919d3d819a24bf1d3ae5843fed37bba6a4c1934f096ca90c21fba931557622a
RT007,,RT007,independent_redteam_item,researcher_authored_balanced_attack_matrix,final_redteam_prompts_v3.csv,47b22dcba8443f227b170e7ac99b4763d6dc4872f562cc8ad8d223f1c6c547ed
RT008,,RT008,independent_redteam_item,researcher_authored_balanced_attack_matrix,final_redteam_prompts_v3.csv,50ea75f95da299e5ec9e9283185c49dc5fe55886d5ac497ac9fbb7f480440bcc
RT009,,RT009,independent_redteam_item,researcher_authored_balanced_attack_matrix,final_redteam_prompts_v3.csv,2d474c9b74ccfdb3f7f80d7b25552b8aa00f5d4ffe222b80eeca57bf5ec8a309
RT010,,RT010,independent_redteam_item,researcher_authored_balanced_attack_matrix,final_redteam_prompts_v3.csv,26ad8f743995aed37b4f603ad69a08ba16a090c90de8a7572b6cf610cd7d2008
RT011,,RT011,independent_redteam_item,researcher_authored_balanced_attack_matrix,final_redteam_prompts_v3.csv,ae4ece7d79766af0a243c68b0bddaf4dcf789b9082b82c86e3da5be32a7a492e
RT012,,RT012,independent_redteam_item,researcher_authored_balanced_attack_matrix,final_redteam_prompts_v3.csv,79f00c1c12aa5869d9b89f1f4f9a4081c2a7adec4e06a58640fc14ec6564bf87
RT013,,RT013,independent_redteam_item,researcher_authored_balanced_attack_matrix,final_redteam_prompts_v3.csv,6b1c62c4d8c2c995bc1819342ebc1fef27bd9aec2f98e08d4fd46b49db3b8c06
RT014,,RT014,independent_redteam_item,researcher_authored_balanced_attack_matrix,final_redteam_prompts_v3.csv,b5e389fbe1ee09367966698cb752e46bea3d3852cbfbec6db2466aab42c2bd20
RT015,,RT015,independent_redteam_item,researcher_authored_balanced_attack_matrix,final_redteam_prompts_v3.csv,d3a6061cfb15e3db74ba7a332a8dd41e61fb514b4cbd15c2993493ff7c766908
RT016,,RT016,independent_redteam_item,researcher_authored_balanced_attack_matrix,final_redteam_prompts_v3.csv,71f5bde4e8e01aa54f86b09f6d12ae70ac6804fa0364609ff1d511103387549e
RT017,,RT017,independent_redteam_item,researcher_authored_balanced_attack_matrix,final_redteam_prompts_v3.csv,7727e5eb414ce1a1bcc4e37e2f2a36c6f160c8add9b676ffa808d238bdb1f2ba
RT018,,RT018,independent_redteam_item,researcher_authored_balanced_attack_matrix,final_redteam_prompts_v3.csv,b5e65d4b6c1e212e3bdfe9406237dac05c1b40c7d6f13ddf1f0cf97e3b571a57
RT019,,RT019,independent_redteam_item,researcher_authored_balanced_attack_matrix,final_redteam_prompts_v3.csv,9c379db5e2da4b0ce3fc41f8c0975e32688382cadd1c122a09f04ae67c942e54
RT020,,RT020,independent_redteam_item,researcher_authored_balanced_attack_matrix,final_redteam_prompts_v3.csv,994db8816ee7850c3f6f785bdab037aa91d7d0f8f25556870ba0c7dfd8c5a959
RT021,,RT021,independent_redteam_item,researcher_authored_balanced_attack_matrix,final_redteam_prompts_v3.csv,cb34ca9fc3624a9501c1ab07d06d64815064fa57b3d56cea65b099a470ea4a17
RT022,,RT022,independent_redteam_item,researcher_authored_balanced_attack_matrix,final_redteam_prompts_v3.csv,1f18be5ba4a9af663482a7db37d1984fb879eb1f6315010334b6e273b4b5e362
RT023,,RT023,independent_redteam_item,researcher_authored_balanced_attack_matrix,final_redteam_prompts_v3.csv,8cbc7dcf508a2ad4cf8cd6996ff1e7236d8cfab8fa59eca0c9eb3ae74262b8f8
RT024,,RT024,independent_redteam_item,researcher_authored_balanced_attack_matrix,final_redteam_prompts_v3.csv,493ee2c1de8be4eed19b6bc1b7ce90ae2fdc6ffce195de8fdafd48e57a4e2f95
RT025,,RT025,independent_redteam_item,researcher_authored_balanced_attack_matrix,final_redteam_prompts_v3.csv,1a598c0d5ffe3c11852b57ee9ac82129de5baddb6dbfc366778358ea2058e282
RT026,,RT026,independent_redteam_item,researcher_authored_balanced_attack_matrix,final_redteam_prompts_v3.csv,380011cfc87a2a675c48ecbabb700469865ee96087f780c3109ce486af06a7d5
RT027,,RT027,independent_redteam_item,researcher_authored_balanced_attack_matrix,final_redteam_prompts_v3.csv,2593e671e0cd62e9e5d14dd3d3edaa37ac2488523ff0346e11d266a7b314aa93
RT028,,RT028,independent_redteam_item,researcher_authored_balanced_attack_matrix,final_redteam_prompts_v3.csv,3eb10d8afdeeded1f0fab2b8464a11bd5dc81ebbe17e031789566a1202a4dac8
RT029,,RT029,independent_redteam_item,researcher_authored_balanced_attack_matrix,final_redteam_prompts_v3.csv,4cd7def39034e36a1e3bbe5e63f1c88b7338074a72b88abb93848875ab593c96
RT030,,RT030,independent_redteam_item,researcher_authored_balanced_attack_matrix,final_redteam_prompts_v3.csv,194949607bf6c6e653064d4dc4dada31b47aa5fb0690f64126a8fe836a93d100
RT031,,RT031,independent_redteam_item,researcher_authored_balanced_attack_matrix,final_redteam_prompts_v3.csv,ceddda125142dbffce593c07a78c2e8273d1bc372a0f934c8045940e4e63c228
RT032,,RT032,independent_redteam_item,researcher_authored_balanced_attack_matrix,final_redteam_prompts_v3.csv,0fcaa1bd013bb7b2629dbfe801b8a9400bada35fb65ec7bf37d99afe7f181737
RT033,,RT033,independent_redteam_item,researcher_authored_balanced_attack_matrix,final_redteam_prompts_v3.csv,aa851213e5f2a2ab11aaf2d0537732bc550f95d97a8f3956f8435f9c5293d265
RT034,,RT034,independent_redteam_item,researcher_authored_balanced_attack_matrix,final_redteam_prompts_v3.csv,61ece064a2dd071fec6a7eb53260a12f386f16860dcb5f639f81254d8bf0d0d2
RT035,,RT035,independent_redteam_item,researcher_authored_balanced_attack_matrix,final_redteam_prompts_v3.csv,c57df914c570b9a3c556e5aaacfd5136b8f68c2dcbc8cea5d5f3b1eb8d121777
RT036,,RT036,independent_redteam_item,researcher_authored_balanced_attack_matrix,final_redteam_prompts_v3.csv,c76e5ca248dde92cb716e2b787050c6a5123b72de76d133b835cffaa2b6ae885
RT037,,RT037,independent_redteam_item,researcher_authored_balanced_attack_matrix,final_redteam_prompts_v3.csv,331bb9a7a80d1614fe02b314d45c05b7725ceaba5c3e24e406ac39a7cb67df5a
RT038,,RT038,independent_redteam_item,researcher_authored_balanced_attack_matrix,final_redteam_prompts_v3.csv,b95f8871757b4c5f06dd66b7e5f96765a95c13052bc8e5cfd4ecd90352f5bc87
RT039,,RT039,independent_redteam_item,researcher_authored_balanced_attack_matrix,final_redteam_prompts_v3.csv,cc49ebeb07d1c428fff0a4bebab7eac17bf59367b28c711b9335fb55efd8feb9
RT040,,RT040,independent_redteam_item,researcher_authored_balanced_attack_matrix,final_redteam_prompts_v3.csv,1dd0687d8c695b6c14dd7ff8c66aa0f5f5b32c1e07ff49ecd42d303f963d8536
RT041,,RT041,independent_redteam_item,researcher_authored_balanced_attack_matrix,final_redteam_prompts_v3.csv,9df4bfbb443a7fc650c98eeda6575a27c9fbc85370b584fc0a200ec31ecd22ba
RT042,,RT042,independent_redteam_item,researcher_authored_balanced_attack_matrix,final_redteam_prompts_v3.csv,8d231e0047bf6d097a57f0c32486b6e79142e521b564a7c229c6085585d10037
RT043,,RT043,independent_redteam_item,researcher_authored_balanced_attack_matrix,final_redteam_prompts_v3.csv,1f64ce0ae53ed7bce414729cb4d17e581b2c5980920e05163472610b1a9b0a26
RT044,,RT044,independent_redteam_item,researcher_authored_balanced_attack_matrix,final_redteam_prompts_v3.csv,fde44173690263e58c425d810d3db77c7d6889f068797d1b06490d16e61ad0d3
RT045,,RT045,independent_redteam_item,researcher_authored_balanced_attack_matrix,final_redteam_prompts_v3.csv,d99f65ef24c497c87d21de1eb189b9e82ed0e3474aa36b3004154f405e836a6f
RT046,,RT046,independent_redteam_item,researcher_authored_balanced_attack_matrix,final_redteam_prompts_v3.csv,14ca7b7cb58f4ebd8f7964dcbbd450ee2e0bcbd96ef3f6ef2af490d34971040f
RT047,,RT047,independent_redteam_item,researcher_authored_balanced_attack_matrix,final_redteam_prompts_v3.csv,b7e9590643b9ff7dcb6b234491faf2321b25dfd5c84d2701493524273f48d94b
RT048,,RT048,independent_redteam_item,researcher_authored_balanced_attack_matrix,final_redteam_prompts_v3.csv,21c9e67b63c159f4c89c28b56066445624d2e73be02f76d063ba820828ff6032
RT049,,RT049,independent_redteam_item,researcher_authored_balanced_attack_matrix,final_redteam_prompts_v3.csv,08f76f1a26b881b20bee8ea521b561d62e8026c811049247562fc5cd52070c35
RT050,,RT050,independent_redteam_item,researcher_authored_balanced_attack_matrix,final_redteam_prompts_v3.csv,de6296ff55f16930294bddd5f207e8066a626738bc6ebaee56bd19ca9f15e4cc
RT051,,RT051,independent_redteam_item,researcher_authored_balanced_attack_matrix,final_redteam_prompts_v3.csv,bf148946c9e0b405f5a7edf89dc51e81aa1a379c7adf2bd321c177be1989419a
RT052,,RT052,independent_redteam_item,researcher_authored_balanced_attack_matrix,final_redteam_prompts_v3.csv,1686489a5f94a9183bc2f99fbb3ec305f9ada04e37f87003d16529d0dc0353f6
RT053,,RT053,independent_redteam_item,researcher_authored_balanced_attack_matrix,final_redteam_prompts_v3.csv,bc6dc0fc1516de542c60bcba6306d12f9bf85903b1e5343c93e3360503dc6ca6
RT054,,RT054,independent_redteam_item,researcher_authored_balanced_attack_matrix,final_redteam_prompts_v3.csv,3605ec86e23f260f1332172eca9a3aa6248f6a8898ae8b90b53ba9466f2a6d94
RT055,,RT055,independent_redteam_item,researcher_authored_balanced_attack_matrix,final_redteam_prompts_v3.csv,31f59fe7cd13cc1f273c3abd3f3e2d90218c35bcb5ff60618b835cd405cbf76b
RT056,,RT056,independent_redteam_item,researcher_authored_balanced_attack_matrix,final_redteam_prompts_v3.csv,307462bc2e5d21c3502697ac3c2af80af7b44f2c776e98499b2fcb7c9ff6c784
RT057,,RT057,independent_redteam_item,researcher_authored_balanced_attack_matrix,final_redteam_prompts_v3.csv,8ad3426a2a30a29122ad7193f294260237723dd06d4b258fbb731317f725a77a
RT058,,RT058,independent_redteam_item,researcher_authored_balanced_attack_matrix,final_redteam_prompts_v3.csv,8da5e7715eb2bded303744a59f3e9bccac54a6850f75cf9a996abac75a3811f3
RT059,,RT059,independent_redteam_item,researcher_authored_balanced_attack_matrix,final_redteam_prompts_v3.csv,8911f049ce3879af075356a69dae1f0ad04fa10f29d412947fe66042fb9f70bd
RT060,,RT060,independent_redteam_item,researcher_authored_balanced_attack_matrix,final_redteam_prompts_v3.csv,c8516f783de860b205cc2fe7e17ff90feedf932c0b2a86f95fb0be2d9b630dbb
RT061,,RT061,independent_redteam_item,researcher_authored_balanced_attack_matrix,final_redteam_prompts_v3.csv,31112e8a35a24ba4448e090a33626eb05d718c838fbddf6faf0110b702c9438d
RT062,,RT062,independent_redteam_item,researcher_authored_balanced_attack_matrix,final_redteam_prompts_v3.csv,fdc715388aca05ef6a09c996912bfa40dfb2575a31685d3c9e65984eb0d5554d
RT063,,RT063,independent_redteam_item,researcher_authored_balanced_attack_matrix,final_redteam_prompts_v3.csv,17d01c04ede3b654c7cf6fa7f327ad86bac607a83a3ae51e254b7af1c51bc771
RT064,,RT064,independent_redteam_item,researcher_authored_balanced_attack_matrix,final_redteam_prompts_v3.csv,6d51a65ac339ade2dc0882faf0ca56627ed7b6fa60f3520202daa5ac756e42bd
RT065,,RT065,independent_redteam_item,researcher_authored_balanced_attack_matrix,final_redteam_prompts_v3.csv,87f6bde1bd74be29b5a5070cb0ccb5802d940c5c41b5057414eca80e571d3a6f
RT066,,RT066,independent_redteam_item,researcher_authored_balanced_attack_matrix,final_redteam_prompts_v3.csv,c96c80a36fc432af70f87009d92590b660ace40dd7f6f7778840bfc7a5f8f324
RT067,,RT067,independent_redteam_item,researcher_authored_balanced_attack_matrix,final_redteam_prompts_v3.csv,d1dd410ae83d49784c0deb037e3f9095bf5b528b3b6f64b72572a766f8e68ce8
RT068,,RT068,independent_redteam_item,researcher_authored_balanced_attack_matrix,final_redteam_prompts_v3.csv,2e9185302d3d29728db70711d5cf5bb764f8820efc0ccbbc0808cc376ad876b5
RT069,,RT069,independent_redteam_item,researcher_authored_balanced_attack_matrix,final_redteam_prompts_v3.csv,b642bc3d1c81875fd6a1623846844722d17710a8e5efb0efd54327e71ab437a7
RT070,,RT070,independent_redteam_item,researcher_authored_balanced_attack_matrix,final_redteam_prompts_v3.csv,7555d51eb5988647275637260bbc5bb07116a511c02941c19ea929f623614925
RT071,,RT071,independent_redteam_item,researcher_authored_balanced_attack_matrix,final_redteam_prompts_v3.csv,e64f8aac010588ad805c580a5bcee6db05b8f7b56133a60836ec73addb4d5dd1
RT072,,RT072,independent_redteam_item,researcher_authored_balanced_attack_matrix,final_redteam_prompts_v3.csv,33ba8fcb363a156474fbe4243d4d37bc21e8fdbf4086f40ca0041cdf3e93c49e
RT073,,RT073,independent_redteam_item,researcher_authored_balanced_attack_matrix,final_redteam_prompts_v3.csv,a63a3bfb8f2a7104b4b2171a4b98b223266ebab63273d8d3ac5db9c8a8f0de0a
RT074,,RT074,independent_redteam_item,researcher_authored_balanced_attack_matrix,final_redteam_prompts_v3.csv,43edcd687b7e082aa2d551c78979759413f94a78bfea92d6bda5df9459ae4efa
RT075,,RT075,independent_redteam_item,researcher_authored_balanced_attack_matrix,final_redteam_prompts_v3.csv,1a4a65f524303e594d69c995684cb7db36adac721e5e3e3e9c35cdbcef45d4b7
RT076,,RT076,independent_redteam_item,researcher_authored_balanced_attack_matrix,final_redteam_prompts_v3.csv,fb72589c7b19253a3536c636e918f0561a73790bcb2efb5616c473c7cc6b9262
RT077,,RT077,independent_redteam_item,researcher_authored_balanced_attack_matrix,final_redteam_prompts_v3.csv,0f12216a16558fccdd65a54a098f102fa353b10e0de811f986085629c1c8b63f
RT078,,RT078,independent_redteam_item,researcher_authored_balanced_attack_matrix,final_redteam_prompts_v3.csv,3be72c4f46e3a46250f17e8d65820447b60136c193e8597124c391e8f37290a5
RT079,,RT079,independent_redteam_item,researcher_authored_balanced_attack_matrix,final_redteam_prompts_v3.csv,7059a2c6fc40cb8137f84855002471b98ee8ee63899c284a73c28e7f1c0cd85c
RT080,,RT080,independent_redteam_item,researcher_authored_balanced_attack_matrix,final_redteam_prompts_v3.csv,b3a683ef0d34c4dcd68ee1d1864713c19335437c1131e181e0da4b8beb78e448
RT081,,RT081,independent_redteam_item,researcher_authored_balanced_attack_matrix,final_redteam_prompts_v3.csv,65145800b457c1a17abc85a6068b8e08a76643bb25b4a4dc7fa91ddde17e49c6
RT082,,RT082,independent_redteam_item,researcher_authored_balanced_attack_matrix,final_redteam_prompts_v3.csv,c023f5e9008f0bf19f92a894f6575c7a8479a1b06070e2fbcdee2391f2c6f174
RT083,,RT083,independent_redteam_item,researcher_authored_balanced_attack_matrix,final_redteam_prompts_v3.csv,4d43f01b9b2470ce2015388065448f93e6432f81a7651cbfd0e652657b7140e3
RT084,,RT084,independent_redteam_item,researcher_authored_balanced_attack_matrix,final_redteam_prompts_v3.csv,d165eb9b59331999bb1a1b53b32871489e795806d63092fccb583ac6657925b7
RT085,,RT085,independent_redteam_item,researcher_authored_balanced_attack_matrix,final_redteam_prompts_v3.csv,c08b7ff5fc4a4bf4eb4675852c54bc2499020bf4a69d9bc2532ef64c33101bc7
RT086,,RT086,independent_redteam_item,researcher_authored_balanced_attack_matrix,final_redteam_prompts_v3.csv,a717fff832134eb61bd97d973e8390338ee797932d36e7fde493f711656e1dd5
RT087,,RT087,independent_redteam_item,researcher_authored_balanced_attack_matrix,final_redteam_prompts_v3.csv,0f31cf187bf563cd31725f0ab1c5df5e8d7c92c009bd4273feb10009f518c892
RT088,,RT088,independent_redteam_item,researcher_authored_balanced_attack_matrix,final_redteam_prompts_v3.csv,8c2ddc323f5b6dab68b6d87a342c4e110b00248a0494a862141d8c9ad87f7c35
RT089,,RT089,independent_redteam_item,researcher_authored_balanced_attack_matrix,final_redteam_prompts_v3.csv,0cf978f3027f2c68e5f430b331eb6c5c96fb5d60fd90d43664c0224c8249b5ce
RT090,,RT090,independent_redteam_item,researcher_authored_balanced_attack_matrix,final_redteam_prompts_v3.csv,f8194945030383f2128d4ea9a2cda98ff49b379d6ae7e1e958aff6af589eeb61
RT091,,RT091,independent_redteam_item,researcher_authored_balanced_attack_matrix,final_redteam_prompts_v3.csv,4fe0221e2971bd0bf8aec65e90b5f251778680bbff857acf9f45b2090c9715ca
RT092,,RT092,independent_redteam_item,researcher_authored_balanced_attack_matrix,final_redteam_prompts_v3.csv,82de7d4fa6d8d610ff6a7400d8452c7c0f0c3bd21dd56885991258be963c13ea
RT093,,RT093,independent_redteam_item,researcher_authored_balanced_attack_matrix,final_redteam_prompts_v3.csv,4a2c270f124405755096d29e64b15fa27413b8825fe04144f853bb9f8ae6a3fb
RT094,,RT094,independent_redteam_item,researcher_authored_balanced_attack_matrix,final_redteam_prompts_v3.csv,ed1feda2c73109d091fff6d3bed7f0d35cc8352c080bd4a178253605da11c6a7
RT095,,RT095,independent_redteam_item,researcher_authored_balanced_attack_matrix,final_redteam_prompts_v3.csv,4aa5d6b025ce8ac5cd59bae64e77ca7c07d899568bb651d96b0aba75d5cba1d0
RT096,,RT096,independent_redteam_item,researcher_authored_balanced_attack_matrix,final_redteam_prompts_v3.csv,319abc820ff5f5e88fcbc2731a2c3e1cb4ecbf51456ee77f057c46ef1effb6e7
RT097,,RT097,independent_redteam_item,researcher_authored_balanced_attack_matrix,final_redteam_prompts_v3.csv,27cc2ce315d141e175956f8d262a60eb03f51174fee6b0cd6b23a263c28aa0b8
RT098,,RT098,independent_redteam_item,researcher_authored_balanced_attack_matrix,final_redteam_prompts_v3.csv,9f2ebc699847bf91c6c1c698799e7429038c5292df681565cbc17fec3fa7a59c
RT099,,RT099,independent_redteam_item,researcher_authored_balanced_attack_matrix,final_redteam_prompts_v3.csv,9e6b95d40dddfc1a7fd5daeda5a8abd06bfaad50648af47b980a883e4b2c5eea
RT100,,RT100,independent_redteam_item,researcher_authored_balanced_attack_matrix,final_redteam_prompts_v3.csv,2500f03cb0b64329811cfe4777f2ffa92ba603ffb8840c65cf00e84c2cb030f0
RT101,,RT101,independent_redteam_item,researcher_authored_balanced_attack_matrix,final_redteam_prompts_v3.csv,04d332261fc2b7964413174ad2a2ddd19e84689d22fb603e12f7ae08f09f66bc
RT102,,RT102,independent_redteam_item,researcher_authored_balanced_attack_matrix,final_redteam_prompts_v3.csv,7e9dc1f86d3260f27d136b0427d3674cf639426bd4fec928b27281a53d1ddc4e
RT103,,RT103,independent_redteam_item,researcher_authored_balanced_attack_matrix,final_redteam_prompts_v3.csv,33f508beaf5b859dbc847d56618318ca1aed334b71fe04064b3096c342d78bdb
RT104,,RT104,independent_redteam_item,researcher_authored_balanced_attack_matrix,final_redteam_prompts_v3.csv,2221846e6477ab2281e76dc62f3d33c26b91e580ae7d9751df9d2e1c4009282e
RT105,,RT105,independent_redteam_item,researcher_authored_balanced_attack_matrix,final_redteam_prompts_v3.csv,a8c130998b795588bd488c1bf3c3344578470ecff3308ea0246b5d24d75f1412
RT106,,RT106,independent_redteam_item,researcher_authored_balanced_attack_matrix,final_redteam_prompts_v3.csv,1b172c342eb443dde45ed1de0fc7e79c54125744d952a9487b5ebe2bd663bd38
RT107,,RT107,independent_redteam_item,researcher_authored_balanced_attack_matrix,final_redteam_prompts_v3.csv,e844c0c6ce7f8d5a71100aeafad789bbb98c9559cb91200d7cf3d841d15569aa
RT108,,RT108,independent_redteam_item,researcher_authored_balanced_attack_matrix,final_redteam_prompts_v3.csv,ea5cd2c56b83ed4b5b488c150697273c51aaefe9129457630db64b65b5c4bd3c
RT109,,RT109,independent_redteam_item,researcher_authored_balanced_attack_matrix,final_redteam_prompts_v3.csv,2f1697b109de05cc32fd0b4232535aad30ece6c83b68c3925bd3ff33e8258880
RT110,,RT110,independent_redteam_item,researcher_authored_balanced_attack_matrix,final_redteam_prompts_v3.csv,1352e4001c54bf404bfd8c6aee2f2f42c00fe98bab1a4a31351b54112c575638
RT111,,RT111,independent_redteam_item,researcher_authored_balanced_attack_matrix,final_redteam_prompts_v3.csv,996c9e8c55cae1156f2dcd3a24d4763ce23102bf9c7714e4d3dcae7a65453d64
RT112,,RT112,independent_redteam_item,researcher_authored_balanced_attack_matrix,final_redteam_prompts_v3.csv,78a329f51b28a854b197328dd0b48f4ed3012b9e8e55d35e7ed58df7d3857ed7
RT113,,RT113,independent_redteam_item,researcher_authored_balanced_attack_matrix,final_redteam_prompts_v3.csv,d3d7f0c8ab863fc978c0abcc585368bb8d4a8028c31277021be28d69e344c84b
RT114,,RT114,independent_redteam_item,researcher_authored_balanced_attack_matrix,final_redteam_prompts_v3.csv,85494239a9f51ac1cf6cd8646607569bdfb6945508e02c1dc13d118ca3c6c6f9
RT115,,RT115,independent_redteam_item,researcher_authored_balanced_attack_matrix,final_redteam_prompts_v3.csv,46ecd9cca7a5130b9a2c43f73e195502e2b7edbc502e29dd009fca278c3f6929
RT116,,RT116,independent_redteam_item,researcher_authored_balanced_attack_matrix,final_redteam_prompts_v3.csv,6551ff13ba7a861ae578e3732f1b35f440842dc2d4fe9a8e0826081d90d37a05
RT117,,RT117,independent_redteam_item,researcher_authored_balanced_attack_matrix,final_redteam_prompts_v3.csv,756060fc4f152ce6193a4c72735e88c6c7e2b3ace9a6cb4558a6fed36b9c3804
RT118,,RT118,independent_redteam_item,researcher_authored_balanced_attack_matrix,final_redteam_prompts_v3.csv,f87b08281108349c79743359c2ca64f1256c0c05cdc31456b65a82f7fe1514a7
RT119,,RT119,independent_redteam_item,researcher_authored_balanced_attack_matrix,final_redteam_prompts_v3.csv,f035f6ecc94368aabcdf05c8143e7d875b7a156984409063a3d7ad10c4f867c6
RT120,,RT120,independent_redteam_item,researcher_authored_balanced_attack_matrix,final_redteam_prompts_v3.csv,129f4a6ddc407964fa7a1b49e4150bfae6bf1d9034291c77533f797149aba1e8
RT121,,RT121,independent_redteam_item,researcher_authored_balanced_attack_matrix,final_redteam_prompts_v3.csv,61f54c88fd21613d77cc71742d9f79f2ed6453fd478aeb127a9e686e5e0106bf
RT122,,RT122,independent_redteam_item,researcher_authored_balanced_attack_matrix,final_redteam_prompts_v3.csv,17b2c8bccdc57d3d2c3410262964509b972afe9317ab56ed2ec23aceb8dbc616
RT123,,RT123,independent_redteam_item,researcher_authored_balanced_attack_matrix,final_redteam_prompts_v3.csv,4d79f2885b020721d88a974a0865280563d943f0f2f54f69674c0e4f9ba989b1
RT124,,RT124,independent_redteam_item,researcher_authored_balanced_attack_matrix,final_redteam_prompts_v3.csv,bde21226c2702b293cc17bf5274e40548f9a2cfb661f8e958d5e9b7f464e77ca
RT125,,RT125,independent_redteam_item,researcher_authored_balanced_attack_matrix,final_redteam_prompts_v3.csv,76132d49cfc5cf2a5f53fc643da7e600d16c48c3f2c319636e1684bcfdc0aba2
RT126,,RT126,independent_redteam_item,researcher_authored_balanced_attack_matrix,final_redteam_prompts_v3.csv,90e8645cb162fc12848bf97d3714267f33c08d049a4bcb71bf0b924abe8b9e28
RT127,,RT127,independent_redteam_item,researcher_authored_balanced_attack_matrix,final_redteam_prompts_v3.csv,dc00f6e2b328e0f0c8448f9759043dd1f46ab28222246159555c2bc50043a807
RT128,,RT128,independent_redteam_item,researcher_authored_balanced_attack_matrix,final_redteam_prompts_v3.csv,befb2aa24941845f056254b1d9963438a63fd0d0dda6fa13097121936f201c6d
RT129,,RT129,independent_redteam_item,researcher_authored_balanced_attack_matrix,final_redteam_prompts_v3.csv,cdad4c5326c84e72297cfb0ea398038c732e75be0d58ad68dffac1a3ce8669d8
RT130,,RT130,independent_redteam_item,researcher_authored_balanced_attack_matrix,final_redteam_prompts_v3.csv,d238fd2decf120036ec6ef1ab743afeb04aa5cd0f6530f10409dacf7932b8154
RT131,,RT131,independent_redteam_item,researcher_authored_balanced_attack_matrix,final_redteam_prompts_v3.csv,d5b500cd02e780674f316abe47feb4f696c0c11a2719691cc0d9e7c9657d26ab
RT132,,RT132,independent_redteam_item,researcher_authored_balanced_attack_matrix,final_redteam_prompts_v3.csv,b2792b89ae32488b06a8817de4a64d469fb75029d67bf3394fda75eaeadb6b5e
RT133,,RT133,independent_redteam_item,researcher_authored_balanced_attack_matrix,final_redteam_prompts_v3.csv,4bc1b2642264a33bb1863393b38c5e6ab32a2e79da87964d69c5a6d01c2e309a
RT134,,RT134,independent_redteam_item,researcher_authored_balanced_attack_matrix,final_redteam_prompts_v3.csv,2727643edaf2edb7ae85a667ab7c9d2e9e90a457623a14307b1bb1f16ba26546
RT135,,RT135,independent_redteam_item,researcher_authored_balanced_attack_matrix,final_redteam_prompts_v3.csv,52542e39eb3893309fcbe5e2a84d16ac22a2852d1f70a01b7c1769539218c9b9
RT136,,RT136,independent_redteam_item,researcher_authored_balanced_attack_matrix,final_redteam_prompts_v3.csv,2f96afda454afd6c188f32aa4d9cddd37b76b1d95adb4dcc2930ffa8059d5147
RT137,,RT137,independent_redteam_item,researcher_authored_balanced_attack_matrix,final_redteam_prompts_v3.csv,67116a80e7d7f92809b321da7da11c9ad99131f1fd2ec607a5b253ecf92e4211
RT138,,RT138,independent_redteam_item,researcher_authored_balanced_attack_matrix,final_redteam_prompts_v3.csv,99bb1a44c1721fca06c7cc7ec994c09b6871361c1813bc249e4374cbbdd6d021
RT139,,RT139,independent_redteam_item,researcher_authored_balanced_attack_matrix,final_redteam_prompts_v3.csv,baf7cdad4742321737cd53b1177c84412de332f6f45bd75221bb7af17aea6cc8
RT140,,RT140,independent_redteam_item,researcher_authored_balanced_attack_matrix,final_redteam_prompts_v3.csv,a276770bdffbcdc77ca21b45d9c8037f756cfe17a7e0f6e1aebf0727ff1cdcee
RT141,,RT141,independent_redteam_item,researcher_authored_balanced_attack_matrix,final_redteam_prompts_v3.csv,96ce2c5a7031ed223c083cfc7d3f2eeee065c79ba63535602c631f043e3fb737
RT142,,RT142,independent_redteam_item,researcher_authored_balanced_attack_matrix,final_redteam_prompts_v3.csv,bc2a1357f18657ae847195b1bc72466e0b9eb0eaccabd518ad8655e3986dc832
RT143,,RT143,independent_redteam_item,researcher_authored_balanced_attack_matrix,final_redteam_prompts_v3.csv,c239447930bd5bbe20892fe53190a0303602be6395d5a119bbee16d1261bbe23
RT144,,RT144,independent_redteam_item,researcher_authored_balanced_attack_matrix,final_redteam_prompts_v3.csv,f884af62f111fd9982a67c33d72e7d4746b48225d0a41436fc8de0eeb7e78008
RT145,,RT145,independent_redteam_item,researcher_authored_balanced_attack_matrix,final_redteam_prompts_v3.csv,f1ea85f099e5c9c96b84f0139fdf4fcac3e4638cb0d06dbc88d68ae860cc6df6
RT146,,RT146,independent_redteam_item,researcher_authored_balanced_attack_matrix,final_redteam_prompts_v3.csv,d1652ff7d0977ff212ededeb503dd3f914de6e1f652959355f30222ff8e8d540
RT147,,RT147,independent_redteam_item,researcher_authored_balanced_attack_matrix,final_redteam_prompts_v3.csv,7ddc677940ed009597ddce4f2b88f2d90fc1c6abfb7c7a8fb171755b1b977361
RT148,,RT148,independent_redteam_item,researcher_authored_balanced_attack_matrix,final_redteam_prompts_v3.csv,17bb70a7fd71adacd53619e76fa3ccd2076ddf854d2861c372c8ccc588a7d864
RT149,,RT149,independent_redteam_item,researcher_authored_balanced_attack_matrix,final_redteam_prompts_v3.csv,6a231a0aeab9e8cacb34aa7c42bf02b1c7981fff74488bd3b59fa17939effa5f
RT150,,RT150,independent_redteam_item,researcher_authored_balanced_attack_matrix,final_redteam_prompts_v3.csv,66a76d73e33581b443be7fb019b3422c659505813880a0920339940ad0919fe4
RT151,,RT151,independent_redteam_item,researcher_authored_balanced_attack_matrix,final_redteam_prompts_v3.csv,e901a41636801c60f6502ea715ade669d6e6c2e4f9ea7cc68a5b1ecfa48b2cf8
RT152,,RT152,independent_redteam_item,researcher_authored_balanced_attack_matrix,final_redteam_prompts_v3.csv,ecb6edf94f6130420829355a1f7c101583a31b3e7c37eb90990205eb0a29caa6
RT153,,RT153,independent_redteam_item,researcher_authored_balanced_attack_matrix,final_redteam_prompts_v3.csv,0de35d804119e55a21d453c80142c11bea7c81cf4d09be26e4f8f8df65605f30
RT154,,RT154,independent_redteam_item,researcher_authored_balanced_attack_matrix,final_redteam_prompts_v3.csv,1807845552b49c3ef058ed8822cb7a5770337f344aac73e0a878e84a93646138
RT155,,RT155,independent_redteam_item,researcher_authored_balanced_attack_matrix,final_redteam_prompts_v3.csv,ce2c79facf93e28f6e5661d8cc419344a9686046308d952c6d2112d565a48284
RT156,,RT156,independent_redteam_item,researcher_authored_balanced_attack_matrix,final_redteam_prompts_v3.csv,7bbee89adaeb157d82397cefdf4a714eb87c9311971d4184d8625a8097a19d6a
RT157,,RT157,independent_redteam_item,researcher_authored_balanced_attack_matrix,final_redteam_prompts_v3.csv,3a63267ee8f205f1c65b2d24862615e3a7cc7fe7606fbccf9f1f98cd225d78a8
RT158,,RT158,independent_redteam_item,researcher_authored_balanced_attack_matrix,final_redteam_prompts_v3.csv,8848ab954be2943331143c490bcca88df30cf2f998842b16de785ae9c1afa155
RT159,,RT159,independent_redteam_item,researcher_authored_balanced_attack_matrix,final_redteam_prompts_v3.csv,10691e39a3773e39aca4824998f703e86592069cffd3f0faaeef61ade0311c4b
RT160,,RT160,independent_redteam_item,researcher_authored_balanced_attack_matrix,final_redteam_prompts_v3.csv,35c9d45db2fdd3c027eba1c4686df743e50725e5b3541f1e166f0789056fb98d
RT161,,RT161,independent_redteam_item,researcher_authored_balanced_attack_matrix,final_redteam_prompts_v3.csv,eb4825b200ce247c33b4f5c9e56a515447997d8c74dddfdea7f70dbd14fcc6ca
RT162,,RT162,independent_redteam_item,researcher_authored_balanced_attack_matrix,final_redteam_prompts_v3.csv,985633a369094065deec58b02a8d0be00576cb1ec372693fa41ab64016260969
RT163,,RT163,independent_redteam_item,researcher_authored_balanced_attack_matrix,final_redteam_prompts_v3.csv,48b9a23676d50500e0450facdb95d9cd195d4578568bb8b7f7659209c01a03e8
RT164,,RT164,independent_redteam_item,researcher_authored_balanced_attack_matrix,final_redteam_prompts_v3.csv,8a2e1d0f3cbc6de45eba451a7ec18d8c56758400be1300518b2fdf06ecb58d98
RT165,,RT165,independent_redteam_item,researcher_authored_balanced_attack_matrix,final_redteam_prompts_v3.csv,299557791d666283f707e75271f0e0bf6c047fe5dea7c0d00e30f19a33a7b038
RT166,,RT166,independent_redteam_item,researcher_authored_balanced_attack_matrix,final_redteam_prompts_v3.csv,61b7eecd13bcbcfa3b923149224121382c1441380d60fea131552e7ef9898dee
RT167,,RT167,independent_redteam_item,researcher_authored_balanced_attack_matrix,final_redteam_prompts_v3.csv,0bec6af484a5f94123d659b3e5160b033dcd86a082c299fc8e0d164b9dd74ec4
RT168,,RT168,independent_redteam_item,researcher_authored_balanced_attack_matrix,final_redteam_prompts_v3.csv,9a06d596ecc45bd326748ef29c1ebcca6b8a356dc2fea3ab08fc7950d767615a
RT169,,RT169,independent_redteam_item,researcher_authored_balanced_attack_matrix,final_redteam_prompts_v3.csv,1ecc8cb2774f4e6e8d09c184d9bc941e3152071418d78270cd8d05b00d07c921
RT170,,RT170,independent_redteam_item,researcher_authored_balanced_attack_matrix,final_redteam_prompts_v3.csv,26f1a82e606c688de59dfc3755526997538a238f75a311223b387fc845a0dc0f
RT171,,RT171,independent_redteam_item,researcher_authored_balanced_attack_matrix,final_redteam_prompts_v3.csv,ba133a0742e0e3a67cd865b84a72b8cd43f410409354a21301116e9c3755a88a
RT172,,RT172,independent_redteam_item,researcher_authored_balanced_attack_matrix,final_redteam_prompts_v3.csv,27cebeb8299605328d3c5ec2ca59321a2357f1f18db2a6dc1702a1e2a8b3af55
RT173,,RT173,independent_redteam_item,researcher_authored_balanced_attack_matrix,final_redteam_prompts_v3.csv,9f65e227268e436c44d02128aae426e516dc77b1534fd4cfd02eca3144dbee9b
RT174,,RT174,independent_redteam_item,researcher_authored_balanced_attack_matrix,final_redteam_prompts_v3.csv,8f34637380d90719a079dff67718b7f7878857947e7b8664f309b2f9f8ad3ad5
RT175,,RT175,independent_redteam_item,researcher_authored_balanced_attack_matrix,final_redteam_prompts_v3.csv,5b04b8c5d2f8221a16ba067b98c094dafbc04476443109a3bde8390541559ecf
RT176,,RT176,independent_redteam_item,researcher_authored_balanced_attack_matrix,final_redteam_prompts_v3.csv,db77ac3080113c970da07345a6f468431e6f24deacf05822deb76a06d82c624c
RT177,,RT177,independent_redteam_item,researcher_authored_balanced_attack_matrix,final_redteam_prompts_v3.csv,cc9056ba53fed8180660110c2141fb9e0194b139539ca9dfa3cfdb67e27a8631
RT178,,RT178,independent_redteam_item,researcher_authored_balanced_attack_matrix,final_redteam_prompts_v3.csv,8facac91f32a9c0f62fa852dfaf06ea9be41451bac178f797bf303bc7dd979f2
RT179,,RT179,independent_redteam_item,researcher_authored_balanced_attack_matrix,final_redteam_prompts_v3.csv,ba2669d8b09dabd2f89968a9c2f3a69eb6685fe84a7486880819c582a5208678
RT180,,RT180,independent_redteam_item,researcher_authored_balanced_attack_matrix,final_redteam_prompts_v3.csv,d7e3c68b0bd6b64f9207a29382ff62b639eb5d7fef5a9296ea7217ccfb16db6a
RT181,,RT181,independent_redteam_item,researcher_authored_balanced_attack_matrix,final_redteam_prompts_v3.csv,c5c95eabb111f74b0d63b4651997980bbbe516187d7f41b6628ff8352b49c30e
RT182,,RT182,independent_redteam_item,researcher_authored_balanced_attack_matrix,final_redteam_prompts_v3.csv,f87c266b53ff00bba99163715a60ad20ac8b7cd15d7cbbe87a657706227c1b23
RT183,,RT183,independent_redteam_item,researcher_authored_balanced_attack_matrix,final_redteam_prompts_v3.csv,64c228f033002b1d79f466ed4954feaa25a22660659c7eb05d1221d0696a152b
RT184,,RT184,independent_redteam_item,researcher_authored_balanced_attack_matrix,final_redteam_prompts_v3.csv,5f36e67f11018ce4885695c4d7668c62131a5476b1041035818cdb479b410944
RT185,,RT185,independent_redteam_item,researcher_authored_balanced_attack_matrix,final_redteam_prompts_v3.csv,0b527635e9e2b161bb233061853e672f0430bc7caa4f2893ece4ed0f16d1ba8c
RT186,,RT186,independent_redteam_item,researcher_authored_balanced_attack_matrix,final_redteam_prompts_v3.csv,a7d2d6ef7d45fc93a92632a13bf99eaf8878777a8522f4b4d8bcd9597dd3511d
RT187,,RT187,independent_redteam_item,researcher_authored_balanced_attack_matrix,final_redteam_prompts_v3.csv,da7923eb46a8dbbe1f930be219477ca66b11306224e34dcfe8c34e6e74653f42
RT188,,RT188,independent_redteam_item,researcher_authored_balanced_attack_matrix,final_redteam_prompts_v3.csv,b091c8c6ab0d363951a0457573e1d1785cbd4e018f796318b94edfa6ca7ac1a7
RT189,,RT189,independent_redteam_item,researcher_authored_balanced_attack_matrix,final_redteam_prompts_v3.csv,55fc9ed49ce5306a5574215f6c46838e78a56042934a9963442a8b5baddfb9d7
RT190,,RT190,independent_redteam_item,researcher_authored_balanced_attack_matrix,final_redteam_prompts_v3.csv,704ca66546d893a10975c1212ae75822d1bca60144c6f4078f7140d8e5a07cdc
RT191,,RT191,independent_redteam_item,researcher_authored_balanced_attack_matrix,final_redteam_prompts_v3.csv,41a5f72b9e1c20d045edfded2d8a2f2214193f085677d17850fc09c86a372180
RT192,,RT192,independent_redteam_item,researcher_authored_balanced_attack_matrix,final_redteam_prompts_v3.csv,be81e9222e7b146924afdb07135af92d58e43be9d0c8dbb7b1558ccfabf05c50
RT193,,RT193,independent_redteam_item,researcher_authored_balanced_attack_matrix,final_redteam_prompts_v3.csv,6d1cf4b5ccee675e5c15ede48caca761ad875f16b0daec9309d353c32823c4dd
RT194,,RT194,independent_redteam_item,researcher_authored_balanced_attack_matrix,final_redteam_prompts_v3.csv,b789f96d7a1aee3623db70a44825ef69d8a27d01d95c2e68f916849cedde30af
RT195,,RT195,independent_redteam_item,researcher_authored_balanced_attack_matrix,final_redteam_prompts_v3.csv,ecc8f24351cbe45b61489e207e2e871e6751e7372dde0adaeed6af7ec589ac8f
RT196,,RT196,independent_redteam_item,researcher_authored_balanced_attack_matrix,final_redteam_prompts_v3.csv,83fe529ba718def5da83fff398ec4f38fa99ed4afd8f64a906e44ec3b88362b9
RT197,,RT197,independent_redteam_item,researcher_authored_balanced_attack_matrix,final_redteam_prompts_v3.csv,90aa875ebd2ed22781b63aa56ccdec183f0063c83802310ce516aace4a8769e6
RT198,,RT198,independent_redteam_item,researcher_authored_balanced_attack_matrix,final_redteam_prompts_v3.csv,5cae6cad24c0a2ad53b61fdc592801d358c2e08b017c3174b18b4694f0522c14
RT199,,RT199,independent_redteam_item,researcher_authored_balanced_attack_matrix,final_redteam_prompts_v3.csv,17d75bca0b7fe35db868a94aadd38108c92128c9525a44606f2a28553884b9e2
RT200,,RT200,independent_redteam_item,researcher_authored_balanced_attack_matrix,final_redteam_prompts_v3.csv,9260c45e9f7b1f058655e011d81ba0684b8058e7116bdeb0c6d7b2106b876c45
RT201,,RT201,independent_redteam_item,researcher_authored_balanced_attack_matrix,final_redteam_prompts_v3.csv,257ebf02eb98d22a512b4058cf31bf113cdbe71ca9a931d12f11174a94188820
RT202,,RT202,independent_redteam_item,researcher_authored_balanced_attack_matrix,final_redteam_prompts_v3.csv,b85c1262f138f1c052c442558456197ec6440309e1ce7223961fb2a432837393
RT203,,RT203,independent_redteam_item,researcher_authored_balanced_attack_matrix,final_redteam_prompts_v3.csv,dbc26ff9f9ed8c579959097419d8fd8fbe73fc342e02d7819f427c2055edfd58
RT204,,RT204,independent_redteam_item,researcher_authored_balanced_attack_matrix,final_redteam_prompts_v3.csv,3a72c21605b574a9711cc55c5b3066323ca1cc7c7c4017903cb52f52c57e5417
RT205,,RT205,independent_redteam_item,researcher_authored_balanced_attack_matrix,final_redteam_prompts_v3.csv,e9b63b01dd8a30d941a163f4b98ff593ac2bbd80a02a95863113387a63ddf658
RT206,,RT206,independent_redteam_item,researcher_authored_balanced_attack_matrix,final_redteam_prompts_v3.csv,9d6861cb249e09522da72155260058544dfdae0082784a01c7e8214834a77e2f
RT207,,RT207,independent_redteam_item,researcher_authored_balanced_attack_matrix,final_redteam_prompts_v3.csv,6e7ecd9d36fbd65cb2c5470e2672124dad7534512c36361f5d94cae9f4c17577
RT208,,RT208,independent_redteam_item,researcher_authored_balanced_attack_matrix,final_redteam_prompts_v3.csv,c70d4a684f9325123c8fe6c3216de3967c17b57a2317690859e4255d0fd8ecbc
RT209,,RT209,independent_redteam_item,researcher_authored_balanced_attack_matrix,final_redteam_prompts_v3.csv,135350c3f009117912be7a64a5aef304e72cfd2f9f3e405611676b8374ff6bf4
RT210,,RT210,independent_redteam_item,researcher_authored_balanced_attack_matrix,final_redteam_prompts_v3.csv,19b7bf199608fef80b8a40ad5b0bb486a42c76f935f72b9fcccc04533abc9d59
RT211,,RT211,independent_redteam_item,researcher_authored_balanced_attack_matrix,final_redteam_prompts_v3.csv,132bf8e847ea7217dbf9a8c88d9d4064108e49f9dce415b09ea51a74b4ef8b3d
RT212,,RT212,independent_redteam_item,researcher_authored_balanced_attack_matrix,final_redteam_prompts_v3.csv,052c3cd294685ee4a0d373e05c95f54d2a67bc69d1bec00daf9b4610d073062a
RT213,,RT213,independent_redteam_item,researcher_authored_balanced_attack_matrix,final_redteam_prompts_v3.csv,bccf62c1ffadde0dd8295b9616e622d9e4e65f0e754d95d3f92607773dadeed0
RT214,,RT214,independent_redteam_item,researcher_authored_balanced_attack_matrix,final_redteam_prompts_v3.csv,71a56c0237efecac18fec1ecb935607170401e51d3490f9b619f5c33a5797e12
RT215,,RT215,independent_redteam_item,researcher_authored_balanced_attack_matrix,final_redteam_prompts_v3.csv,e90811099554de833d00632edf267379fcb6552457ca0d7574a2fff31b758f3f
RT216,,RT216,independent_redteam_item,researcher_authored_balanced_attack_matrix,final_redteam_prompts_v3.csv,77695d68234f0b091d0dd0b894fe7b7fab6401b67fa3bb7170d6e3acbe73d835
RT217,,RT217,independent_redteam_item,researcher_authored_balanced_attack_matrix,final_redteam_prompts_v3.csv,8b96eaa3c2574684e65f1fa0062dbda6d6ebc4f9bffe0fa19089e604804df8a1
RT218,,RT218,independent_redteam_item,researcher_authored_balanced_attack_matrix,final_redteam_prompts_v3.csv,18c0450563143c688a83dd15afa46e8637bbfaf3cf7ae4083091821104f8b102
RT219,,RT219,independent_redteam_item,researcher_authored_balanced_attack_matrix,final_redteam_prompts_v3.csv,ef10c8c3beb63945a437dab65615636db1d9dea2bff1ca1e3c06ba24f9fcfa45
RT220,,RT220,independent_redteam_item,researcher_authored_balanced_attack_matrix,final_redteam_prompts_v3.csv,4fbf30c713215c30faa5148c73cad759d437a6aa0849086a9d101d01c7d22b40
RT221,,RT221,independent_redteam_item,researcher_authored_balanced_attack_matrix,final_redteam_prompts_v3.csv,6940a5c1101dce72d2d0c98dbec1cb7983eded6771097c45b1772c3c5381f12a
RT222,,RT222,independent_redteam_item,researcher_authored_balanced_attack_matrix,final_redteam_prompts_v3.csv,2d78451c6bd3f7a484bb41ba12e8b6626a4d206db3611a9ff1db5133ba0a0359
RT223,,RT223,independent_redteam_item,researcher_authored_balanced_attack_matrix,final_redteam_prompts_v3.csv,5f0ee0d0f0805351255e374d7c1da1e26cee06e3084ea78f2da0892061df9771
RT224,,RT224,independent_redteam_item,researcher_authored_balanced_attack_matrix,final_redteam_prompts_v3.csv,613e2ed66d86753b8d1ce8b2a14372f085c0a772257f17f8db293d9246b6b12c
RT225,,RT225,independent_redteam_item,researcher_authored_balanced_attack_matrix,final_redteam_prompts_v3.csv,90b81690d62bde64d541fe7f8964d13acbc53d56970d3ff223cf9d59993fdd1f
RT226,,RT226,independent_redteam_item,researcher_authored_balanced_attack_matrix,final_redteam_prompts_v3.csv,3d3dc0f8347f921432354f7b92fed4f3632930ec0418156ed89996dc0e2835c2
RT227,,RT227,independent_redteam_item,researcher_authored_balanced_attack_matrix,final_redteam_prompts_v3.csv,6a43bc9e7279082ae5b4f2b5168915002cce8d87b5a3d16da85f25c9f076f5a3
RT228,,RT228,independent_redteam_item,researcher_authored_balanced_attack_matrix,final_redteam_prompts_v3.csv,9e914c08790aa718c090d5687620a6931f46746a68e6a6a9c9111769eb6d0e0b
RT229,,RT229,independent_redteam_item,researcher_authored_balanced_attack_matrix,final_redteam_prompts_v3.csv,6345de2fe9b19ace5dc5378b739ca99403f453e5bd660707ab3b5ce7b5a8e190
RT230,,RT230,independent_redteam_item,researcher_authored_balanced_attack_matrix,final_redteam_prompts_v3.csv,bc33cba3030923d9a6d00400341585c50238265dda1cb623dbc93759453ccc89
RT231,,RT231,independent_redteam_item,researcher_authored_balanced_attack_matrix,final_redteam_prompts_v3.csv,cbfefd914d3edb71c869d32e72bf8f91a914527a4df222389c148428460e3431
RT232,,RT232,independent_redteam_item,researcher_authored_balanced_attack_matrix,final_redteam_prompts_v3.csv,dc34a4f24fd19322383055ce3d663001e565afb22b3a0d1b6c85b51b90c24a14
RT233,,RT233,independent_redteam_item,researcher_authored_balanced_attack_matrix,final_redteam_prompts_v3.csv,a20fbeb4bcc5eb3aa609b494d971c5562ff670f7d382c9d0f8135be82a9604f4
RT234,,RT234,independent_redteam_item,researcher_authored_balanced_attack_matrix,final_redteam_prompts_v3.csv,44928b88e3bbbfa67206941712cc0db201c6f7a1bede8ac60e73a808ad36d094
RT235,,RT235,independent_redteam_item,researcher_authored_balanced_attack_matrix,final_redteam_prompts_v3.csv,648eef58f781b581480ffc6469bf5188bb9a8295e1463ca420b7e2f28cc6100d
RT236,,RT236,independent_redteam_item,researcher_authored_balanced_attack_matrix,final_redteam_prompts_v3.csv,ff4738a70637b50146f9a83437b1b95211de580342b4a20a5fc04e1a23c4e21d
RT237,,RT237,independent_redteam_item,researcher_authored_balanced_attack_matrix,final_redteam_prompts_v3.csv,3752899ead89f0865d8544b48d329f2240bca0891f9aed1b9ff31dc054d3d205
RT238,,RT238,independent_redteam_item,researcher_authored_balanced_attack_matrix,final_redteam_prompts_v3.csv,4fa2fa7788996ca6ff3a673441a8f899f0b8a0ba603c55cf9e0c54a46df492fe
RT239,,RT239,independent_redteam_item,researcher_authored_balanced_attack_matrix,final_redteam_prompts_v3.csv,26caf551595fae28897fb7779d8e035ca5b61a9a9a5930153ade090f773a985d
RT240,,RT240,independent_redteam_item,researcher_authored_balanced_attack_matrix,final_redteam_prompts_v3.csv,f5b3bae619748753a4b14884254a1a9cd52a09a7beb5c5a41cf9d980f9eb5e96
RT241,,RT241,independent_redteam_item,researcher_authored_balanced_attack_matrix,final_redteam_prompts_v3.csv,c878bd0db13cdaa99e28f86ea0824a25d831441c3e037f7856d05233d1569773
RT242,,RT242,independent_redteam_item,researcher_authored_balanced_attack_matrix,final_redteam_prompts_v3.csv,c40451feeb46b7255c86ed1d9ea032a46589c0ebb8a6f3b264e8d027e7e56a24
RT243,,RT243,independent_redteam_item,researcher_authored_balanced_attack_matrix,final_redteam_prompts_v3.csv,41ae80cfdc5cb3d6bab10540b7169780e9bd71304366ae2163e1fbb5a8b71536
RT244,,RT244,independent_redteam_item,researcher_authored_balanced_attack_matrix,final_redteam_prompts_v3.csv,f2d8e4f98c828a42cfa7a7d7d190363cc52328d2f90cd0ce48be9e65d8211d47
RT245,,RT245,independent_redteam_item,researcher_authored_balanced_attack_matrix,final_redteam_prompts_v3.csv,92c428e236c3cf1c16af5e8313e6b9022ca750f38120a49bec5bc0062c113600
RT246,,RT246,independent_redteam_item,researcher_authored_balanced_attack_matrix,final_redteam_prompts_v3.csv,4a1f75889075b1ffbe67b20cbb22455db90f2c6b0e526d082ef573589eef3cc2
RT247,,RT247,independent_redteam_item,researcher_authored_balanced_attack_matrix,final_redteam_prompts_v3.csv,9cb4ee141cd6a3ff819fee472498f95c711263283bcb990818edd370eb5f1a7a
RT248,,RT248,independent_redteam_item,researcher_authored_balanced_attack_matrix,final_redteam_prompts_v3.csv,87eb63147395d75a358625f069b49f5f88479e35498f6ce718621f1e2eb7ef91
RT249,,RT249,independent_redteam_item,researcher_authored_balanced_attack_matrix,final_redteam_prompts_v3.csv,bcbbbd1130f19cdd2682125dc653aa11e35e443f2d1c8c62a12dc46759b68d26
RT250,,RT250,independent_redteam_item,researcher_authored_balanced_attack_matrix,final_redteam_prompts_v3.csv,9721f7632bdfec89845f24704e505fb0f63976d3d51c2a9e3e1b5898054c4a30
RT251,,RT251,independent_redteam_item,researcher_authored_balanced_attack_matrix,final_redteam_prompts_v3.csv,b0d06c2c61a166d9671a54b3b33cc5c4d01e6fa166824bf220ea586d5b6b431f
RT252,,RT252,independent_redteam_item,researcher_authored_balanced_attack_matrix,final_redteam_prompts_v3.csv,1df44730c0905b1eae9001a0e4b8a5b3819a3ea2dd82645dfc1c1f16c51cca60
RT253,,RT253,independent_redteam_item,researcher_authored_balanced_attack_matrix,final_redteam_prompts_v3.csv,7fcbc199de7592282e5cd815744221cfc845d9287cf413e0c2c1a0bd868913ad
RT254,,RT254,independent_redteam_item,researcher_authored_balanced_attack_matrix,final_redteam_prompts_v3.csv,273a0e1e0733daafa0cf6a5c27c517853c0854ca3c13297e00dae30680ad5134
RT255,,RT255,independent_redteam_item,researcher_authored_balanced_attack_matrix,final_redteam_prompts_v3.csv,19e5325796fac85895f808721cd5f38b7781f73ab836e4729c0e81b18b0ffe90
RT256,,RT256,independent_redteam_item,researcher_authored_balanced_attack_matrix,final_redteam_prompts_v3.csv,a226ee14c68c3cc5050de04cacc278980f5690fec46290c94dd263b54cabe542
RT257,,RT257,independent_redteam_item,researcher_authored_balanced_attack_matrix,final_redteam_prompts_v3.csv,0c4bcf41d3542674d2df7e5b7c2522e33154abcf9155c6dc079cf571333b3740
RT258,,RT258,independent_redteam_item,researcher_authored_balanced_attack_matrix,final_redteam_prompts_v3.csv,d659e0817eb5139922e1deb5df4c5b41349942399e7283f560723575d3491d85
RT259,,RT259,independent_redteam_item,researcher_authored_balanced_attack_matrix,final_redteam_prompts_v3.csv,9c67675d6b1a0218218b5eb7c2240e8d5dc5eaed8bac74b8014efce6ecd000da
RT260,,RT260,independent_redteam_item,researcher_authored_balanced_attack_matrix,final_redteam_prompts_v3.csv,51c90527aecb766e5510c35c120942334959d1b1ae288928f387e2310070aa5a
RT261,,RT261,independent_redteam_item,researcher_authored_balanced_attack_matrix,final_redteam_prompts_v3.csv,5b8b383748e470048f1b5a5b5a4959c0fc1a572f4f221266a28557ba8c6e7ce3
RT262,,RT262,independent_redteam_item,researcher_authored_balanced_attack_matrix,final_redteam_prompts_v3.csv,69e3e4967cf11e153cdea1d592cce3f190aaaad8768024accbf1c340e84f8f0d
RT263,,RT263,independent_redteam_item,researcher_authored_balanced_attack_matrix,final_redteam_prompts_v3.csv,74d6952ab9dee98e68c3aa007f45a34feae36b9600789d1700174e6781cffacb
RT264,,RT264,independent_redteam_item,researcher_authored_balanced_attack_matrix,final_redteam_prompts_v3.csv,f9de0ad412b570e9abf55c741bea81b700816f9bfd35b7bdf28d4a2d5c4af9e2
RT265,,RT265,independent_redteam_item,researcher_authored_balanced_attack_matrix,final_redteam_prompts_v3.csv,138d2e2b75d178aa4576d9159fa257fae8cf4e4586ad7deb4e67c9a865b7b23b
RT266,,RT266,independent_redteam_item,researcher_authored_balanced_attack_matrix,final_redteam_prompts_v3.csv,320891bda5c8117120e8192e4b3948f650d31db34031aad86887fc403f2c7be7
RT267,,RT267,independent_redteam_item,researcher_authored_balanced_attack_matrix,final_redteam_prompts_v3.csv,6a3bc491b616ee1ddb9722c91668757695220d9661fdd407c869ca852e1f7068
RT268,,RT268,independent_redteam_item,researcher_authored_balanced_attack_matrix,final_redteam_prompts_v3.csv,dad874bbdcd76e236fdc9adebedbb014ec09ccf6802e0403c97a145507e4ed73
RT269,,RT269,independent_redteam_item,researcher_authored_balanced_attack_matrix,final_redteam_prompts_v3.csv,dec3d681b1b8d5b2283234220188c5a352c8e6a1868f9e9404a2a8bff1571f93
RT270,,RT270,independent_redteam_item,researcher_authored_balanced_attack_matrix,final_redteam_prompts_v3.csv,b8bec73b73c21f138db2737a75c2a1a2d97e56c96ef8eeaef9af6803e8db2954
RT271,,RT271,independent_redteam_item,researcher_authored_balanced_attack_matrix,final_redteam_prompts_v3.csv,141711717a5cf309d7665a05f0a11354b460f807db1f3f4f1a402a3770c6fc24
RT272,,RT272,independent_redteam_item,researcher_authored_balanced_attack_matrix,final_redteam_prompts_v3.csv,5547b4ee1baeb991332c2dea848ec668ee4f92244e3880db1dea90bce9ec8646
RT273,,RT273,independent_redteam_item,researcher_authored_balanced_attack_matrix,final_redteam_prompts_v3.csv,005b199504c9d157a8c873adb4c1881117fbe0dbf573dda3b2613aa420bb18b6
RT274,,RT274,independent_redteam_item,researcher_authored_balanced_attack_matrix,final_redteam_prompts_v3.csv,c05bd78b5a0d771c1b83d1d7b15f52ddb27fefc8b0b3248189abecab60b6c386
RT275,,RT275,independent_redteam_item,researcher_authored_balanced_attack_matrix,final_redteam_prompts_v3.csv,230f2c91c3d1c6780aa6a39e5b48feb5e7ee5c021a29e4e542802d5c86ee7785
RT276,,RT276,independent_redteam_item,researcher_authored_balanced_attack_matrix,final_redteam_prompts_v3.csv,8c18abcadf4090a614587e39d01118f00ebf6f207cda3358230ca4156228d8fa
RT277,,RT277,independent_redteam_item,researcher_authored_balanced_attack_matrix,final_redteam_prompts_v3.csv,4039500a073a095b0c48290fff8236918a42ad6b93f56cea2646f75d3d310102
RT278,,RT278,independent_redteam_item,researcher_authored_balanced_attack_matrix,final_redteam_prompts_v3.csv,16d5e62996fcd99ac70e6ab98df09cbc1be21aef392e7b81f47c21545b54b3c6
RT279,,RT279,independent_redteam_item,researcher_authored_balanced_attack_matrix,final_redteam_prompts_v3.csv,6244039dfbc593a546f57c359bcf54ea852304491012505439e6bc71a811b0e3
RT280,,RT280,independent_redteam_item,researcher_authored_balanced_attack_matrix,final_redteam_prompts_v3.csv,0cae7e58da8ceff0ab4d93fc04b7130bad108b34b2f0e9e60145e89d289c9365
RT281,,RT281,independent_redteam_item,researcher_authored_balanced_attack_matrix,final_redteam_prompts_v3.csv,81c215967c3218d74e4d88b06f905598b269a736bcb006f5c847aeef8e7d4a2d
RT282,,RT282,independent_redteam_item,researcher_authored_balanced_attack_matrix,final_redteam_prompts_v3.csv,77484107139545d79c30366d1976abce44d651f665981493daed981f005b6694
RT283,,RT283,independent_redteam_item,researcher_authored_balanced_attack_matrix,final_redteam_prompts_v3.csv,47e3237e62709fef1fe7307262f4a5c5e746241a424cb3372f58b07efdb50d66
RT284,,RT284,independent_redteam_item,researcher_authored_balanced_attack_matrix,final_redteam_prompts_v3.csv,9cf5f453d287421878d6e0f288de6c8d896f9ab5e9bb26b9f906a3b1aee8c71a
RT285,,RT285,independent_redteam_item,researcher_authored_balanced_attack_matrix,final_redteam_prompts_v3.csv,87af3c6de1d9ba773544e4b0fec1be3dc45f277844c23053a4bbc7cc50c3ae06
RT286,,RT286,independent_redteam_item,researcher_authored_balanced_attack_matrix,final_redteam_prompts_v3.csv,cdfdb3a3f82525b1db50450bfe2386d6bfbcb00d6350c6db37f97e245cc2a1cf
RT287,,RT287,independent_redteam_item,researcher_authored_balanced_attack_matrix,final_redteam_prompts_v3.csv,0a38c2232979072452ce5847db56de15a4cb19cab2879c7648519915f34e9c76
RT288,,RT288,independent_redteam_item,researcher_authored_balanced_attack_matrix,final_redteam_prompts_v3.csv,75eca72af9c715596a4871a7eda61c622db33ac434ab42af3fbb850938e0273f
RT289,,RT289,independent_redteam_item,researcher_authored_balanced_attack_matrix,final_redteam_prompts_v3.csv,e70aa4150c9340f7de312692458d922aaecee09ba172829786566fc61b638ccf
RT290,,RT290,independent_redteam_item,researcher_authored_balanced_attack_matrix,final_redteam_prompts_v3.csv,feb053aba17a93888bd0e4e9cd45024246fc17b82104a2a553a50cbb2ac9277b
RT291,,RT291,independent_redteam_item,researcher_authored_balanced_attack_matrix,final_redteam_prompts_v3.csv,8ec80107c1bf7426149fdeb72186e77c5cdaef625f709f8bd3da698f7e4a8735
RT292,,RT292,independent_redteam_item,researcher_authored_balanced_attack_matrix,final_redteam_prompts_v3.csv,9a072d3f78d9274e4fc1582ab1e347851f63a39367ad0b672550e9851d4a1b1a
RT293,,RT293,independent_redteam_item,researcher_authored_balanced_attack_matrix,final_redteam_prompts_v3.csv,04964206c06f9173de271798a7dec96bd9796156f685bbe4ee54f390368d394d
RT294,,RT294,independent_redteam_item,researcher_authored_balanced_attack_matrix,final_redteam_prompts_v3.csv,9a9af809c236e36744c0a33ce91f5c4260f10b7f371d3b0fd16810e3f1635892
RT295,,RT295,independent_redteam_item,researcher_authored_balanced_attack_matrix,final_redteam_prompts_v3.csv,dd3d7d096749271ef4617214f7d10577b9102328d0bf55981a1ba3ca143ba752
RT296,,RT296,independent_redteam_item,researcher_authored_balanced_attack_matrix,final_redteam_prompts_v3.csv,534738c47fb7d0906d977062cd68bfe208bcbe5b8423fd4d0fb1e53a5ae57a05
RT297,,RT297,independent_redteam_item,researcher_authored_balanced_attack_matrix,final_redteam_prompts_v3.csv,edb7e6368d22eab058e03dc68061e1a7422274a5d5a777c4d14a9eaf29c59fda
RT298,,RT298,independent_redteam_item,researcher_authored_balanced_attack_matrix,final_redteam_prompts_v3.csv,50dd44f60485df54bbaf76995352e8bc069b34d04f4e74d86b502beb91d7f2d9
RT299,,RT299,independent_redteam_item,researcher_authored_balanced_attack_matrix,final_redteam_prompts_v3.csv,93388bb4f35da02ec61be57b2d5a4c0ab5e1d12c424fd046197494e46cafbae5
RT300,,RT300,independent_redteam_item,researcher_authored_balanced_attack_matrix,final_redteam_prompts_v3.csv,9993be24abbcd30332e89327ffd0a1638f5c9c398085d591a29071fab14ff613
